{"loss":{"0":0.2272864729,"1":0.0711332709,"2":0.0520690307,"3":0.0341348983,"4":0.0299540404,"5":0.0238784943,"6":0.0200683996,"7":0.0188391041,"8":0.019376168,"9":0.0194926243,"10":0.0165646672,"11":0.0103832278,"12":0.0200200956,"13":0.0106704189,"14":0.0217241272,"15":0.0164324045,"16":0.0126149096,"17":0.0118468078,"18":0.0120635815,"19":0.0117511274,"20":0.0080013974,"21":0.0155939953,"22":0.0110944817,"23":0.01240669,"24":0.0076203411,"25":0.0088226972,"26":0.0157549027,"27":0.0059578475,"28":0.0091398861,"29":0.0100034196,"30":0.0090484424,"31":0.011778594,"32":0.0128567582,"33":0.0088927988,"34":0.0088473633,"35":0.0096267983,"36":0.0097378287,"37":0.0082000466,"38":0.0080035888,"39":0.0051401663,"40":0.0070257457,"41":0.0112920664,"42":0.0061731366,"43":0.0098965252,"44":0.0070486479,"45":0.0098719373,"46":0.0054853135,"47":0.0069723013,"48":0.0073237056,"49":0.0073957355,"50":0.0066120173,"51":0.0072836429,"52":0.0078054657,"53":0.0079236971,"54":0.0060482742,"55":0.0068705939,"56":0.004558281},"accuracy":{"0":0.9031285644,"1":0.9770379066,"2":0.9830654263,"3":0.991532743,"4":0.991102159,"5":0.992824316,"6":0.994690001,"7":0.9941159487,"8":0.9954075813,"9":0.994833529,"10":0.9954075813,"11":0.9975602627,"12":0.994833529,"13":0.997990787,"14":0.9939724207,"15":0.9961251616,"16":0.9975602627,"17":0.9972732663,"18":0.9972732663,"19":0.9977037907,"20":0.998134315,"21":0.996699214,"22":0.9978473186,"23":0.9975602627,"24":0.9987083673,"25":0.997990787,"26":0.996555686,"27":0.9989954233,"28":0.998277843,"29":0.9978473186,"30":0.9977037907,"31":0.9974167347,"32":0.9969862103,"33":0.9977037907,"34":0.9985648394,"35":0.9978473186,"36":0.998134315,"37":0.998421371,"38":0.997990787,"39":0.9985648394,"40":0.9985648394,"41":0.9974167347,"42":0.9987083673,"43":0.998134315,"44":0.9985648394,"45":0.9977037907,"46":0.9991388917,"47":0.9988518953,"48":0.998277843,"49":0.998421371,"50":0.998421371,"51":0.997990787,"52":0.998134315,"53":0.998277843,"54":0.9989954233,"55":0.998134315,"56":0.9991388917},"val_loss":{"0":0.0474835299,"1":0.0334487744,"2":0.0201872289,"3":0.0130190048,"4":0.0109833051,"5":0.0125919525,"6":0.0093890093,"7":0.0113308793,"8":0.0101626525,"9":0.0117156794,"10":0.0080913687,"11":0.0102628553,"12":0.0078756195,"13":0.0071926084,"14":0.0092227338,"15":0.0091873705,"16":0.0080354484,"17":0.0059618484,"18":0.0076572932,"19":0.0080846222,"20":0.0088409362,"21":0.0089362375,"22":0.0095029641,"23":0.0063889278,"24":0.0077431849,"25":0.0069254232,"26":0.0056769974,"27":0.0069091362,"28":0.0073695346,"29":0.0074165496,"30":0.0084173055,"31":0.0063718241,"32":0.0063650617,"33":0.0074690026,"34":0.0078033619,"35":0.0074549848,"36":0.0074198507,"37":0.0083128912,"38":0.008618095,"39":0.0085714441,"40":0.0088517144,"41":0.007458433,"42":0.0078817969,"43":0.0062466697,"44":0.0068596965,"45":0.0071717412,"46":0.0086652115,"47":0.0080728494,"48":0.0086002732,"49":0.0089225024,"50":0.0085154753,"51":0.0085994061,"52":0.0088760871,"53":0.0088394452,"54":0.0079991566,"55":0.008397379,"56":0.0085507222},"val_accuracy":{"0":0.9873853326,"1":0.990252316,"2":0.9948394299,"3":0.9965596199,"4":0.99827981,"5":0.9954128265,"6":0.9994266033,"7":0.9971330166,"8":0.9988532066,"9":0.9977064133,"10":0.9994266033,"11":0.9988532066,"12":0.9988532066,"13":0.9994266033,"14":0.9994266033,"15":0.99827981,"16":0.9988532066,"17":0.9994266033,"18":0.9994266033,"19":0.9994266033,"20":0.9994266033,"21":0.9994266033,"22":0.9994266033,"23":0.9994266033,"24":0.9994266033,"25":0.9994266033,"26":0.9994266033,"27":0.9994266033,"28":0.9994266033,"29":0.9994266033,"30":0.9988532066,"31":0.9994266033,"32":0.9994266033,"33":0.9994266033,"34":0.9994266033,"35":0.9994266033,"36":0.9994266033,"37":0.9994266033,"38":0.9994266033,"39":0.9994266033,"40":0.9994266033,"41":0.9994266033,"42":0.9994266033,"43":0.9994266033,"44":0.9994266033,"45":0.9994266033,"46":0.9994266033,"47":0.9994266033,"48":0.9994266033,"49":0.9994266033,"50":0.9994266033,"51":0.9994266033,"52":0.9994266033,"53":0.9994266033,"54":0.9994266033,"55":0.9994266033,"56":0.9994266033},"lr":{"0":0.001,"1":0.001,"2":0.001,"3":0.001,"4":0.001,"5":0.001,"6":0.001,"7":0.001,"8":0.001,"9":0.001,"10":0.001,"11":0.001,"12":0.001,"13":0.001,"14":0.001,"15":0.001,"16":0.001,"17":0.001,"18":0.001,"19":0.001,"20":0.001,"21":0.001,"22":0.001,"23":0.001,"24":0.001,"25":0.001,"26":0.001,"27":0.001,"28":0.001,"29":0.001,"30":0.001,"31":0.001,"32":0.001,"33":0.001,"34":0.001,"35":0.001,"36":0.001,"37":0.0005,"38":0.0005,"39":0.0005,"40":0.0005,"41":0.0005,"42":0.0005,"43":0.0005,"44":0.0005,"45":0.0005,"46":0.0005,"47":0.00025,"48":0.00025,"49":0.00025,"50":0.00025,"51":0.00025,"52":0.00025,"53":0.00025,"54":0.00025,"55":0.00025,"56":0.00025}}