{"loss":{"0":0.2506285012,"1":0.0755741745,"2":0.0446232371,"3":0.0537056364,"4":0.007361623,"5":0.0326618589,"6":0.0459606647,"7":0.0346713029,"8":0.0130457552,"9":0.020120414,"10":0.0019414617,"11":0.0229077321,"12":0.0102369189,"13":0.0277007204,"14":0.0140575655,"15":0.0045581702,"16":0.0281535182,"17":0.0182530042,"18":0.008076991,"19":0.0204289481,"20":0.0148357619,"21":0.0368812382,"22":0.0150189437,"23":0.004741862,"24":0.0086077396,"25":0.0037928813,"26":0.0029008603,"27":0.0060024229,"28":0.0034193213,"29":0.0023495173,"30":0.0140344081,"31":0.0032471931,"32":0.0051320265,"33":0.0011675544,"34":0.0075047691,"35":0.0057808743,"36":0.0048544207,"37":0.0032826499,"38":0.0024491323,"39":0.0014081856,"40":0.0121893678,"41":0.0002566963,"42":0.0001290075,"43":0.0050612949,"44":0.0049672043,"45":0.0003728585,"46":0.005927715,"47":0.0047865734,"48":0.000704923,"49":0.0072176564,"50":0.0025301841,"51":0.000726979,"52":0.0015789176,"53":0.0008612852,"54":0.0079522636,"55":0.0070747086,"56":0.0107033569,"57":0.0021161211,"58":0.0029075365,"59":0.0018213523,"60":0.0034523504,"61":0.0061423909,"62":0.0022931227,"63":0.0033781629,"64":0.0008877511,"65":0.0021085441,"66":0.0039467728,"67":0.0010959689,"68":0.003211095,"69":0.0029831219,"70":0.0015288157,"71":0.0033099474,"72":0.0081269499,"73":0.0017099414,"74":0.0017799608,"75":0.0056705186,"76":0.0016956315,"77":0.0021949196,"78":0.0029274789,"79":0.0045946729,"80":0.001918752,"81":0.004481711,"82":0.0005227278,"83":0.0045516659},"accuracy":{"0":0.902985096,"1":0.9678530693,"2":0.9875143766,"3":0.9873708487,"4":0.9974167347,"5":0.9956945777,"6":0.984357059,"7":0.988088429,"8":0.996555686,"9":0.9922502637,"10":0.9989954233,"11":0.991102159,"12":0.996699214,"13":0.9939724207,"14":0.9958381057,"15":0.9975602627,"16":0.9942594767,"17":0.9926808476,"18":0.9971297383,"19":0.9974167347,"20":0.9935418963,"21":0.9902411103,"22":0.9951205254,"23":0.9971297383,"24":0.9972732663,"25":0.9987083673,"26":0.998277843,"27":0.9985648394,"28":0.9985648394,"29":0.9992824197,"30":0.998421371,"31":0.9985648394,"32":0.998277843,"33":0.999712944,"34":0.9987083673,"35":0.9985648394,"36":0.9974167347,"37":0.9978473186,"38":0.9992824197,"39":0.999712944,"40":0.9994259477,"41":1.0,"42":1.0,"43":0.9995694757,"44":0.9992824197,"45":0.999712944,"46":0.9991388917,"47":0.9991388917,"48":0.999712944,"49":0.9989954233,"50":0.9992824197,"51":0.9995694757,"52":0.9992824197,"53":0.999856472,"54":0.9994259477,"55":0.9995694757,"56":0.9985648394,"57":0.9994259477,"58":0.9989954233,"59":0.9992824197,"60":0.9995694757,"61":0.9992824197,"62":0.998421371,"63":0.9992824197,"64":0.9989954233,"65":0.9994259477,"66":0.9991388917,"67":0.999712944,"68":0.9994259477,"69":0.9994259477,"70":0.9995694757,"71":0.9991388917,"72":0.9991388917,"73":0.9991388917,"74":0.9992824197,"75":0.9991388917,"76":0.999712944,"77":0.9995694757,"78":0.9995694757,"79":0.9995694757,"80":0.9995694757,"81":0.9992824197,"82":0.9995694757,"83":0.9994259477},"val_loss":{"0":0.0517303348,"1":0.0186167303,"2":0.0038323498,"3":0.0359896421,"4":0.0359120667,"5":0.3672843277,"6":0.0016122216,"7":0.0030457203,"8":0.060433384,"9":0.0009154846,"10":0.0010268656,"11":0.0008393379,"12":0.0006516773,"13":0.0013335118,"14":0.000379119,"15":0.0000525042,"16":0.0231118985,"17":0.0006958256,"18":0.0001801961,"19":0.0012565053,"20":0.0007594561,"21":0.0011020602,"22":0.0013681202,"23":0.0001191422,"24":0.0002463488,"25":0.0001512737,"26":0.0000126518,"27":0.0000452251,"28":0.0000161697,"29":0.0000113641,"30":0.0002035083,"31":0.0000320634,"32":0.000061818,"33":0.0000095741,"34":0.0000112705,"35":0.0002908674,"36":0.0000192967,"37":0.0000079641,"38":0.0000041211,"39":0.0000046386,"40":0.000025882,"41":0.0000035384,"42":0.0000018986,"43":0.0000027914,"44":0.0000016539,"45":0.0000012685,"46":0.0000028841,"47":0.0000051247,"48":0.0000031657,"49":0.0000041258,"50":0.0000032975,"51":0.0000021106,"52":0.0000026929,"53":0.0000011934,"54":0.0000015064,"55":0.0000506502,"56":0.0000415725,"57":0.0000234924,"58":0.0000071307,"59":0.0000040927,"60":0.0000038538,"61":0.0000052416,"62":0.0000038082,"63":0.0000035401,"64":0.0000024846,"65":0.0000026744,"66":0.0000026984,"67":0.0000025188,"68":0.0000023198,"69":0.0000023724,"70":0.0000022028,"71":0.0000024245,"72":0.0000024384,"73":0.0000022146,"74":0.0000022186,"75":0.0000022709,"76":0.0000022567,"77":0.0000021271,"78":0.0000021037,"79":0.0000021174,"80":0.0000020348,"81":0.0000021301,"82":0.0000020533,"83":0.0000020304},"val_accuracy":{"0":0.9787843823,"1":0.9977064133,"2":0.9988532066,"3":0.9839449525,"4":0.9827981591,"5":0.9134174585,"6":1.0,"7":1.0,"8":0.9707568884,"9":0.9994266033,"10":0.9988532066,"11":0.9994266033,"12":0.9994266033,"13":0.9994266033,"14":1.0,"15":1.0,"16":0.99827981,"17":1.0,"18":1.0,"19":1.0,"20":1.0,"21":0.9994266033,"22":1.0,"23":1.0,"24":1.0,"25":1.0,"26":1.0,"27":1.0,"28":1.0,"29":1.0,"30":1.0,"31":1.0,"32":1.0,"33":1.0,"34":1.0,"35":1.0,"36":1.0,"37":1.0,"38":1.0,"39":1.0,"40":1.0,"41":1.0,"42":1.0,"43":1.0,"44":1.0,"45":1.0,"46":1.0,"47":1.0,"48":1.0,"49":1.0,"50":1.0,"51":1.0,"52":1.0,"53":1.0,"54":1.0,"55":1.0,"56":1.0,"57":1.0,"58":1.0,"59":1.0,"60":1.0,"61":1.0,"62":1.0,"63":1.0,"64":1.0,"65":1.0,"66":1.0,"67":1.0,"68":1.0,"69":1.0,"70":1.0,"71":1.0,"72":1.0,"73":1.0,"74":1.0,"75":1.0,"76":1.0,"77":1.0,"78":1.0,"79":1.0,"80":1.0,"81":1.0,"82":1.0,"83":1.0},"lr":{"0":0.001,"1":0.001,"2":0.001,"3":0.001,"4":0.001,"5":0.001,"6":0.001,"7":0.001,"8":0.001,"9":0.001,"10":0.001,"11":0.001,"12":0.001,"13":0.001,"14":0.001,"15":0.001,"16":0.001,"17":0.001,"18":0.001,"19":0.001,"20":0.001,"21":0.001,"22":0.001,"23":0.001,"24":0.001,"25":0.001,"26":0.0005,"27":0.0005,"28":0.0005,"29":0.0005,"30":0.0005,"31":0.0005,"32":0.0005,"33":0.0005,"34":0.0005,"35":0.0005,"36":0.00025,"37":0.00025,"38":0.00025,"39":0.00025,"40":0.00025,"41":0.00025,"42":0.00025,"43":0.00025,"44":0.00025,"45":0.00025,"46":0.000125,"47":0.000125,"48":0.000125,"49":0.000125,"50":0.000125,"51":0.000125,"52":0.000125,"53":0.000125,"54":0.000125,"55":0.000125,"56":0.0000625,"57":0.0000625,"58":0.0000625,"59":0.0000625,"60":0.0000625,"61":0.0000625,"62":0.0000625,"63":0.0000625,"64":0.0000625,"65":0.0000625,"66":0.00003125,"67":0.00003125,"68":0.00003125,"69":0.00003125,"70":0.00003125,"71":0.00003125,"72":0.00003125,"73":0.00003125,"74":0.00003125,"75":0.00003125,"76":0.000015625,"77":0.000015625,"78":0.000015625,"79":0.000015625,"80":0.000015625,"81":0.000015625,"82":0.000015625,"83":0.000015625}}