{"loss":{"0":0.5474716425,"1":0.5590161681,"2":0.6277171373,"3":0.5613872409,"4":0.6060265303,"5":0.5327368379,"6":0.490364641,"7":0.5917940736,"8":0.5363894701,"9":0.3529205918,"10":0.3965664208,"11":0.3388474882,"12":0.2755459845,"13":0.1969838589,"14":0.1885563284,"15":0.1729993522,"16":0.2004109472,"17":0.1617870778,"18":0.1391755342,"19":0.1471233517,"20":0.1319740415,"21":0.135805279,"22":0.1024788767,"23":0.1024095118,"24":0.0851577371,"25":0.079009369,"26":0.0845974535,"27":0.0720162839,"28":0.0713056624,"29":0.0630675554,"30":0.0653204992,"31":0.0598794222,"32":0.0542467162,"33":0.0509567559,"34":0.0573450774,"35":0.0549016371,"36":0.0478879325,"37":0.0403491966,"38":0.0412639715,"39":0.0375882797,"40":0.0426144004,"41":0.0336655453,"42":0.0343193933,"43":0.0355924442,"44":0.0352798067,"45":0.0300946329,"46":0.0303874463,"47":0.0314111225,"48":0.0271499194,"49":0.0464044884,"50":0.0250648838,"51":0.0273328889,"52":0.0299615692,"53":0.0252899211,"54":0.0291224737,"55":0.0232000314,"56":0.02614397,"57":0.0274015833,"58":0.0233666748,"59":0.0251732524,"60":0.0226997398,"61":0.0241184682,"62":0.0228032228,"63":0.023506267,"64":0.0230214745,"65":0.0216507893,"66":0.0220385939,"67":0.0220732708,"68":0.0216225591,"69":0.0214934666,"70":0.0218311995,"71":0.0219489373},"accuracy":{"0":0.220436275,"1":0.335103333,"2":0.2927669287,"3":0.3893513083,"4":0.369833529,"5":0.385332942,"6":0.4012629092,"7":0.4398679733,"8":0.4447474182,"9":0.4372847378,"10":0.4520666003,"11":0.4971297383,"12":0.5410447717,"13":0.5581228733,"14":0.5767795444,"15":0.6011767983,"16":0.6102181673,"17":0.6132318974,"18":0.6522675157,"19":0.6465269923,"20":0.6746555567,"21":0.6795350313,"22":0.70809412,"23":0.736079216,"24":0.7366532683,"25":0.757032156,"26":0.7514351606,"27":0.775832355,"28":0.7821469307,"29":0.801951766,"30":0.7992250323,"31":0.810562551,"32":0.836969018,"33":0.849024117,"34":0.8572043777,"35":0.8530424833,"36":0.8553386927,"37":0.876865685,"38":0.878444314,"39":0.8909299374,"40":0.8805969954,"41":0.8983926773,"42":0.8989667296,"43":0.9035591483,"44":0.9037026167,"45":0.9144661427,"46":0.9144661427,"47":0.91690588,"48":0.9207807183,"49":0.9190585613,"50":0.9265212417,"51":0.929104507,"52":0.9214982986,"53":0.9247990847,"54":0.9242250323,"55":0.933840394,"56":0.928673923,"57":0.9332663417,"58":0.934270978,"59":0.9362801313,"60":0.9368541837,"61":0.9384328127,"62":0.935562551,"63":0.9397244453,"64":0.9420206547,"65":0.946469605,"66":0.9402984977,"67":0.9418771267,"68":0.942594707,"69":0.9483352304,"70":0.94460392,"71":0.9450344443},"val_loss":{"0":0.4759333432,"1":0.4408962727,"2":0.4869296551,"3":0.507589221,"4":0.5289493799,"5":0.5261015296,"6":0.4621940851,"7":0.4992519021,"8":0.5695853829,"9":0.6503756642,"10":0.5978426933,"11":0.6009374261,"12":0.6231461167,"13":0.5935525894,"14":0.6033462286,"15":0.6649386883,"16":0.6693705916,"17":0.60870713,"18":0.6074316502,"19":0.7095445991,"20":0.5554175973,"21":0.6824192405,"22":0.7430749536,"23":0.6034318209,"24":0.6773545742,"25":0.6535524726,"26":0.5252578855,"27":0.65123564,"28":0.5987191796,"29":0.6047295332,"30":0.6466252804,"31":0.5708457232,"32":0.5648831129,"33":0.5904089808,"34":0.6310588717,"35":0.6457776427,"36":0.6038120389,"37":0.5928331614,"38":0.5460480452,"39":0.6157724261,"40":0.5230900645,"41":0.5429507494,"42":0.5561704636,"43":0.5806638002,"44":0.5211425424,"45":0.5655741096,"46":0.4877792001,"47":0.517917335,"48":0.5118032098,"49":0.5780151486,"50":0.5218215585,"51":0.5017917752,"52":0.5369648933,"53":0.5594387054,"54":0.5881706476,"55":0.5825471878,"56":0.5606412888,"57":0.581599474,"58":0.5750026107,"59":0.5776639581,"60":0.5448180437,"61":0.5573506355,"62":0.5763208866,"63":0.5706463456,"64":0.5293464065,"65":0.5483973622,"66":0.5464466214,"67":0.5744387507,"68":0.5677024722,"69":0.6109299064,"70":0.5557491779,"71":0.5392722487},"val_accuracy":{"0":0.1307339519,"1":0.1668577939,"2":0.1616972536,"3":0.1525229365,"4":0.1645642221,"5":0.1336009204,"6":0.1766055077,"7":0.1594036669,"8":0.1353210956,"9":0.1370412856,"10":0.1376146823,"11":0.1353210956,"12":0.1358944923,"13":0.1588302702,"14":0.1565366983,"15":0.1479357779,"16":0.1548165083,"17":0.1697247773,"18":0.1657110155,"19":0.1548165083,"20":0.200688079,"21":0.1657110155,"22":0.2161697298,"23":0.1909403652,"24":0.1794724762,"25":0.1800458729,"26":0.2041284442,"27":0.176032111,"28":0.2155963331,"29":0.2264908254,"30":0.18577981,"31":0.1794724762,"32":0.1852064282,"33":0.2305045873,"34":0.200688079,"35":0.1875,"36":0.2327981591,"37":0.1788990796,"38":0.2167431265,"39":0.1829128414,"40":0.2436926663,"41":0.2677752376,"42":0.2167431265,"43":0.1909403652,"44":0.219610095,"45":0.2293577939,"46":0.2287843972,"47":0.2241972536,"48":0.2666284442,"49":0.2133027464,"50":0.24827981,"51":0.2901376188,"52":0.2786697149,"53":0.2465596348,"54":0.2236238569,"55":0.2345183492,"56":0.255733937,"57":0.2471330315,"58":0.2649082541,"59":0.2425458729,"60":0.276376158,"61":0.2431192696,"62":0.2396789044,"63":0.2672018409,"64":0.2826834917,"65":0.2723623812,"66":0.2477064282,"67":0.2299311906,"68":0.238532111,"69":0.2075688094,"70":0.2236238569,"71":0.238532111},"lr":{"0":0.001,"1":0.001,"2":0.001,"3":0.001,"4":0.001,"5":0.001,"6":0.001,"7":0.001,"8":0.001,"9":0.001,"10":0.001,"11":0.001,"12":0.0005,"13":0.0005,"14":0.0005,"15":0.0005,"16":0.0005,"17":0.0005,"18":0.0005,"19":0.0005,"20":0.0005,"21":0.0005,"22":0.00025,"23":0.00025,"24":0.00025,"25":0.00025,"26":0.00025,"27":0.00025,"28":0.00025,"29":0.00025,"30":0.00025,"31":0.00025,"32":0.000125,"33":0.000125,"34":0.000125,"35":0.000125,"36":0.000125,"37":0.000125,"38":0.000125,"39":0.000125,"40":0.000125,"41":0.000125,"42":0.0000625,"43":0.0000625,"44":0.0000625,"45":0.0000625,"46":0.0000625,"47":0.0000625,"48":0.0000625,"49":0.0000625,"50":0.0000625,"51":0.0000625,"52":0.00003125,"53":0.00003125,"54":0.00003125,"55":0.00003125,"56":0.00003125,"57":0.00003125,"58":0.00003125,"59":0.00003125,"60":0.00003125,"61":0.00003125,"62":0.000015625,"63":0.000015625,"64":0.000015625,"65":0.000015625,"66":0.000015625,"67":0.000015625,"68":0.000015625,"69":0.000015625,"70":0.000015625,"71":0.000015625}}