{"loss":{"0":0.5319577456,"1":0.4774321318,"2":0.4097962976,"3":0.3720298111,"4":0.3215679526,"5":0.334246397,"6":0.29850021,"7":0.2683315575,"8":0.2417316437,"9":0.2257139087,"10":0.2042822093,"11":0.1874135435,"12":0.1755496413,"13":0.1638960689,"14":0.1778825521,"15":0.1345059127,"16":0.1341146976,"17":0.1243477091,"18":0.1211597621,"19":0.1122045964,"20":0.1057302803,"21":0.0844273716,"22":0.0785259232,"23":0.0769922212,"24":0.0641445369,"25":0.0729633644,"26":0.0663770586,"27":0.0582058169,"28":0.0604629181,"29":0.0538321696,"30":0.0636824891,"31":0.0513675623,"32":0.045570299,"33":0.0446875319,"34":0.0420938917,"35":0.0403489955,"36":0.052283451,"37":0.0416744649,"38":0.0404875167,"39":0.0406474359,"40":0.0441149697,"41":0.0375165679,"42":0.0322868563,"43":0.0366672017,"44":0.0325237811,"45":0.0344963558,"46":0.0296733677,"47":0.0325404927,"48":0.0335824229,"49":0.0345693938,"50":0.0308955088,"51":0.0309792515,"52":0.0316390507,"53":0.0281873178,"54":0.0263832975,"55":0.0343592279,"56":0.0229849126,"57":0.0262566395,"58":0.0285435338,"59":0.0319188312,"60":0.0266534518,"61":0.0255400371,"62":0.0255914852,"63":0.0270633232,"64":0.0322391391,"65":0.0233615655,"66":0.0288908463,"67":0.0407828763,"68":0.0257339478,"69":0.0267784186,"70":0.0253564902},"accuracy":{"0":0.4156142473,"1":0.4806257188,"2":0.4810562432,"3":0.4415901303,"4":0.4685706198,"5":0.4771814048,"6":0.4951205552,"7":0.5143513083,"8":0.5562571883,"9":0.5896957517,"10":0.6225602627,"11":0.649110198,"12":0.6694890857,"13":0.6816877127,"14":0.6989092827,"15":0.717135489,"16":0.718714118,"17":0.7286165357,"18":0.7356486917,"19":0.7597588897,"20":0.7665039897,"21":0.7888920903,"22":0.8068312407,"23":0.8154420257,"24":0.8224741817,"25":0.826205492,"26":0.8342422247,"27":0.844001174,"28":0.850746274,"29":0.8582089543,"30":0.8564867973,"31":0.8701205254,"32":0.8702640533,"33":0.8797359467,"34":0.8926520944,"35":0.8988232017,"36":0.8950918317,"37":0.8965269923,"38":0.9041332006,"39":0.9065728784,"40":0.89222157,"41":0.9075775146,"42":0.9137485623,"43":0.908151567,"44":0.9160447717,"45":0.9171928763,"46":0.9180539846,"47":0.9180539846,"48":0.9137485623,"49":0.928673923,"50":0.9214982986,"51":0.930683136,"52":0.928817451,"53":0.930826664,"54":0.9329793453,"55":0.930539608,"56":0.933840394,"57":0.937571764,"58":0.9293915033,"59":0.930539608,"60":0.9334098697,"61":0.9361366034,"62":0.932261765,"63":0.935562551,"64":0.9332663417,"65":0.9381458163,"66":0.9361366034,"67":0.9314007163,"68":0.935849607,"69":0.9365671873,"70":0.9384328127},"val_loss":{"0":0.4670270085,"1":0.854480803,"2":0.6399729848,"3":0.7474819422,"4":0.7751761079,"5":0.8737823963,"6":1.1698452234,"7":1.0270451307,"8":0.8008359671,"9":0.8811945915,"10":0.8427227139,"11":0.983058691,"12":0.9610522389,"13":1.1237741709,"14":0.934902668,"15":1.0567994118,"16":0.8977579474,"17":0.8337253928,"18":0.8442595601,"19":1.0011265278,"20":1.216840148,"21":0.9188167453,"22":0.8119818568,"23":0.9247746468,"24":0.8208502531,"25":1.083886981,"26":0.9054119587,"27":0.8965141773,"28":0.9801184535,"29":0.9296566248,"30":0.9036346078,"31":0.8629395962,"32":0.8953378797,"33":0.8309948444,"34":0.7181304097,"35":0.8430038691,"36":0.899482429,"37":0.9889501333,"38":1.0321942568,"39":1.0454640388,"40":0.990952611,"41":1.0014755726,"42":0.9984918833,"43":1.0299242735,"44":1.0349748135,"45":1.055280447,"46":1.0359201431,"47":1.1143404245,"48":1.0598042011,"49":0.9665394425,"50":0.881964922,"51":0.9269617796,"52":0.9159482718,"53":0.9307407737,"54":0.9119225144,"55":0.9053209424,"56":0.9112900496,"57":0.9189106822,"58":0.8951416612,"59":0.9021477699,"60":0.9022501707,"61":0.8964414001,"62":0.8827216625,"63":0.8979679942,"64":0.9138841629,"65":0.8980233669,"66":0.9027144313,"67":0.9390716553,"68":0.9455109835,"69":0.9390015006,"70":0.9266569018},"val_accuracy":{"0":0.1536697298,"1":0.12672019,"2":0.1467889845,"3":0.1387614608,"4":0.1358944923,"5":0.1318807304,"6":0.1307339519,"7":0.1318807304,"8":0.1399082541,"9":0.1353210956,"10":0.1467889845,"11":0.1358944923,"12":0.138188079,"13":0.1347477138,"14":0.1336009204,"15":0.1324541271,"16":0.136467889,"17":0.1393348575,"18":0.1387614608,"19":0.1399082541,"20":0.1347477138,"21":0.1467889845,"22":0.1444954127,"23":0.1462156028,"24":0.1479357779,"25":0.1490825713,"26":0.1519495398,"27":0.149655968,"28":0.1479357779,"29":0.149655968,"30":0.1479357779,"31":0.1456422061,"32":0.1508027464,"33":0.1565366983,"34":0.1691513807,"35":0.1542431265,"36":0.1657110155,"37":0.1565366983,"38":0.1559633017,"39":0.1548165083,"40":0.1548165083,"41":0.1519495398,"42":0.1559633017,"43":0.1536697298,"44":0.1559633017,"45":0.1513761431,"46":0.1536697298,"47":0.1490825713,"48":0.1508027464,"49":0.1530963331,"50":0.1599770635,"51":0.1582568735,"52":0.1582568735,"53":0.1599770635,"54":0.1576834917,"55":0.1611238569,"56":0.1605504602,"57":0.1599770635,"58":0.1697247773,"59":0.1651376188,"60":0.1616972536,"61":0.1697247773,"62":0.1697247773,"63":0.162844032,"64":0.1611238569,"65":0.1651376188,"66":0.1668577939,"67":0.1668577939,"68":0.1651376188,"69":0.1697247773,"70":0.1702981591},"lr":{"0":0.001,"1":0.001,"2":0.001,"3":0.001,"4":0.001,"5":0.001,"6":0.001,"7":0.001,"8":0.001,"9":0.001,"10":0.001,"11":0.0005,"12":0.0005,"13":0.0005,"14":0.0005,"15":0.0005,"16":0.0005,"17":0.0005,"18":0.0005,"19":0.0005,"20":0.0005,"21":0.00025,"22":0.00025,"23":0.00025,"24":0.00025,"25":0.00025,"26":0.00025,"27":0.00025,"28":0.00025,"29":0.00025,"30":0.00025,"31":0.000125,"32":0.000125,"33":0.000125,"34":0.000125,"35":0.000125,"36":0.000125,"37":0.000125,"38":0.000125,"39":0.000125,"40":0.000125,"41":0.0000625,"42":0.0000625,"43":0.0000625,"44":0.0000625,"45":0.0000625,"46":0.0000625,"47":0.0000625,"48":0.0000625,"49":0.0000625,"50":0.0000625,"51":0.00003125,"52":0.00003125,"53":0.00003125,"54":0.00003125,"55":0.00003125,"56":0.00003125,"57":0.00003125,"58":0.00003125,"59":0.00003125,"60":0.00003125,"61":0.000015625,"62":0.000015625,"63":0.000015625,"64":0.000015625,"65":0.000015625,"66":0.000015625,"67":0.000015625,"68":0.000015625,"69":0.000015625,"70":0.000015625}}