{"loss":{"0":0.5345134735,"1":0.4807276428,"2":0.4425487518,"3":0.3954717815,"4":0.361076653,"5":0.3277023733,"6":0.2769166827,"7":0.3040694296,"8":0.2358833551,"9":0.2569057643,"10":0.2413009703,"11":0.185373947,"12":0.1831822395,"13":0.1969278157,"14":0.1566759497,"15":0.1515232623,"16":0.1500210166,"17":0.1422967762,"18":0.1514909118,"19":0.1273839772,"20":0.1427277625,"21":0.1150950938,"22":0.1008654311,"23":0.1048267409,"24":0.0893973187,"25":0.0855889022,"26":0.0972015411,"27":0.0848053172,"28":0.077066578,"29":0.07383883,"30":0.0781630427,"31":0.0676912442,"32":0.0649691448,"33":0.0626885891,"34":0.0608131252,"35":0.0570216514,"36":0.0566734038,"37":0.0550537854,"38":0.0553846769,"39":0.0469567701,"40":0.0552400537,"41":0.0531953238,"42":0.0516994856,"43":0.047194019,"44":0.0432365164,"45":0.0538735725,"46":0.0428185798,"47":0.0419458896,"48":0.0393081717,"49":0.0482661463,"50":0.0399582013,"51":0.0415067151,"52":0.0409475006,"53":0.0458221994,"54":0.0513739735,"55":0.0427216627,"56":0.0393844023,"57":0.0387887172,"58":0.0465964377,"59":0.0394371785,"60":0.0370670594,"61":0.0364697389,"62":0.0377189443,"63":0.0399808884,"64":0.0353309065,"65":0.0447263829,"66":0.0441251062,"67":0.0358790606,"68":0.0425206162,"69":0.0380706564,"70":0.0384128839},"accuracy":{"0":0.3467279077,"1":0.4926808178,"2":0.477468431,"3":0.4836395085,"4":0.4870838225,"5":0.4984213412,"6":0.5233926773,"7":0.5513777137,"8":0.6073479056,"9":0.6140930057,"10":0.640499413,"11":0.673794508,"12":0.6671928763,"13":0.6742250323,"14":0.6905855536,"15":0.7149828076,"16":0.6989092827,"17":0.711538434,"18":0.7286165357,"19":0.7230195403,"20":0.730769217,"21":0.749856472,"22":0.7696613073,"23":0.7755453587,"24":0.777985096,"25":0.7940585613,"26":0.7854477763,"27":0.7894661427,"28":0.8079793453,"29":0.805683136,"30":0.8180252314,"31":0.812571764,"32":0.8322330713,"33":0.8342422247,"34":0.849024117,"35":0.8432835937,"36":0.85777843,"37":0.8475889564,"38":0.853903532,"39":0.869833529,"40":0.862801373,"41":0.8605051637,"42":0.869833529,"43":0.8744259477,"44":0.8811710477,"45":0.8788748384,"46":0.8826062083,"47":0.8860505223,"48":0.8913605213,"49":0.883467257,"50":0.8982491493,"51":0.8998277783,"52":0.897675097,"53":0.892078042,"54":0.890642941,"55":0.890355885,"56":0.896096468,"57":0.8948048353,"58":0.8972445726,"59":0.894374311,"60":0.9014064074,"61":0.8945177794,"62":0.897388041,"63":0.90269804,"64":0.9001148343,"65":0.906285882,"66":0.8988232017,"67":0.899253726,"68":0.9006888866,"69":0.908151567,"70":0.9041332006},"val_loss":{"0":0.5369923115,"1":0.5885440111,"2":0.6657305956,"3":0.7063775659,"4":0.6263213754,"5":0.7163709998,"6":0.6822373271,"7":0.8701659441,"8":0.9131205082,"9":1.2586530447,"10":0.817797184,"11":0.9313414097,"12":0.7304642797,"13":1.072968483,"14":0.8291209936,"15":0.9229940772,"16":0.798425436,"17":1.0317518711,"18":1.0137966871,"19":0.9827446342,"20":0.8792949319,"21":0.9802782536,"22":0.822254777,"23":0.9669491649,"24":0.9206021428,"25":0.8047339916,"26":1.0257402658,"27":0.9163281322,"28":0.9840055108,"29":1.1615517139,"30":1.1316968203,"31":1.0169254541,"32":1.0538095236,"33":0.9169069529,"34":1.1085289717,"35":0.9658182263,"36":1.0200712681,"37":1.0143345594,"38":1.041279912,"39":0.9400652051,"40":1.0173449516,"41":1.0376160145,"42":1.0000190735,"43":0.9436545372,"44":0.9219688177,"45":0.9497030377,"46":0.9882983565,"47":1.0015659332,"48":0.9435625672,"49":0.980029881,"50":1.0096091032,"51":1.0016722679,"52":0.9900248647,"53":1.0084426403,"54":1.0214601755,"55":1.0249089003,"56":0.9812976122,"57":0.9895371795,"58":1.0286735296,"59":0.9800357223,"60":1.0012875795,"61":1.0164655447,"62":1.0146080256,"63":1.0282233953,"64":1.0100501776,"65":1.0521683693,"66":1.0310313702,"67":1.0078846216,"68":1.0199742317,"69":0.9787942767,"70":0.9921710491},"val_accuracy":{"0":0.1502293646,"1":0.12672019,"2":0.1358944923,"3":0.1387614608,"4":0.1410550475,"5":0.1324541271,"6":0.1433486193,"7":0.1347477138,"8":0.1324541271,"9":0.1307339519,"10":0.1410550475,"11":0.1399082541,"12":0.1525229365,"13":0.1313073337,"14":0.136467889,"15":0.1387614608,"16":0.1530963331,"17":0.138188079,"18":0.1393348575,"19":0.138188079,"20":0.1456422061,"21":0.1387614608,"22":0.1502293646,"23":0.1399082541,"24":0.1525229365,"25":0.1668577939,"26":0.1565366983,"27":0.1565366983,"28":0.1462156028,"29":0.1450688094,"30":0.1410550475,"31":0.1467889845,"32":0.1444954127,"33":0.1565366983,"34":0.1536697298,"35":0.1576834917,"36":0.1548165083,"37":0.1525229365,"38":0.1490825713,"39":0.1639908254,"40":0.1513761431,"41":0.1536697298,"42":0.1513761431,"43":0.1599770635,"44":0.1576834917,"45":0.162844032,"46":0.1548165083,"47":0.157110095,"48":0.1599770635,"49":0.1588302702,"50":0.1594036669,"51":0.1622706354,"52":0.1588302702,"53":0.157110095,"54":0.157110095,"55":0.1576834917,"56":0.1611238569,"57":0.1651376188,"58":0.1576834917,"59":0.1622706354,"60":0.1611238569,"61":0.1605504602,"62":0.1594036669,"63":0.1582568735,"64":0.1651376188,"65":0.1576834917,"66":0.157110095,"67":0.1594036669,"68":0.157110095,"69":0.1622706354,"70":0.1622706354},"lr":{"0":0.001,"1":0.001,"2":0.001,"3":0.001,"4":0.001,"5":0.001,"6":0.001,"7":0.001,"8":0.001,"9":0.001,"10":0.001,"11":0.0005,"12":0.0005,"13":0.0005,"14":0.0005,"15":0.0005,"16":0.0005,"17":0.0005,"18":0.0005,"19":0.0005,"20":0.0005,"21":0.00025,"22":0.00025,"23":0.00025,"24":0.00025,"25":0.00025,"26":0.00025,"27":0.00025,"28":0.00025,"29":0.00025,"30":0.00025,"31":0.000125,"32":0.000125,"33":0.000125,"34":0.000125,"35":0.000125,"36":0.000125,"37":0.000125,"38":0.000125,"39":0.000125,"40":0.000125,"41":0.0000625,"42":0.0000625,"43":0.0000625,"44":0.0000625,"45":0.0000625,"46":0.0000625,"47":0.0000625,"48":0.0000625,"49":0.0000625,"50":0.0000625,"51":0.00003125,"52":0.00003125,"53":0.00003125,"54":0.00003125,"55":0.00003125,"56":0.00003125,"57":0.00003125,"58":0.00003125,"59":0.00003125,"60":0.00003125,"61":0.000015625,"62":0.000015625,"63":0.000015625,"64":0.000015625,"65":0.000015625,"66":0.000015625,"67":0.000015625,"68":0.000015625,"69":0.000015625,"70":0.000015625}}