{"loss":{"0":0.1224398762,"1":0.0468555987,"2":0.0348786451,"3":0.0160917006,"4":0.0372787118,"5":0.0316710211,"6":0.0221290626,"7":0.006856726,"8":0.007073801,"9":0.0113802562,"10":0.0032954682,"11":0.0303048491,"12":0.0056974972,"13":0.0009900481,"14":0.0125423027,"15":0.0330383219,"16":0.0087274378,"17":0.0043995967,"18":0.0055155554,"19":0.014439119,"20":0.0073329769,"21":0.0025456033,"22":0.0015255503,"23":0.0173395481,"24":0.004304152,"25":0.0048965346,"26":0.0023471408,"27":0.0260157865,"28":0.0075088288,"29":0.0026213238,"30":0.0011012799,"31":0.0097665228,"32":0.0012043639,"33":0.0048489147,"34":0.0061126654,"35":0.0018819752,"36":0.0027889924,"37":0.0015199258,"38":0.0095230686,"39":0.0012415786,"40":0.0016276994,"41":0.0003498682,"42":0.0012096447,"43":0.0001700799,"44":0.0012597991,"45":0.00269242,"46":0.0016906526,"47":0.001031677,"48":0.0008996105,"49":0.0165478159,"50":0.006454384,"51":0.0021677993,"52":0.0009321084,"53":0.0013531641,"54":0.0088613387,"55":0.0004054355,"56":0.0003937687,"57":0.0020344863,"58":0.0031168652,"59":0.0110687073,"60":0.0085393675,"61":0.0002492119,"62":0.0016159584,"63":0.0008065851,"64":0.0020422556,"65":0.0013646453,"66":0.0030722318,"67":0.0076636104,"68":0.0005729008,"69":0.0029212919,"70":0.0022998108,"71":0.0013546859,"72":0.0014663555,"73":0.0007362849,"74":0.0010137085,"75":0.0052383635,"76":0.0054416936,"77":0.0001070776,"78":0.0042154072,"79":0.0058363122,"80":0.0082708942,"81":0.0018626289,"82":0.0008432136,"83":0.0053010294,"84":0.002076156,"85":0.0007150026,"86":0.0024212969,"87":0.0007787954,"88":0.0002224566,"89":0.0004519983,"90":0.0012298838,"91":0.0056836209,"92":0.0021703588,"93":0.0013790409,"94":0.0007785402,"95":0.0028483572,"96":0.0010053398},"accuracy":{"0":0.9542192817,"1":0.98277843,"2":0.986079216,"3":0.9941159487,"4":0.986222744,"5":0.9892365336,"6":0.9923937917,"7":0.9974167347,"8":0.9977037907,"9":0.9961251616,"10":0.9991388917,"11":0.994690001,"12":0.998277843,"13":0.9995694757,"14":0.9978473186,"15":0.9916762114,"16":0.9969862103,"17":0.9987083673,"18":0.9992824197,"19":0.9958381057,"20":0.9977037907,"21":0.9992824197,"22":0.999712944,"23":0.9958381057,"24":0.9988518953,"25":0.997990787,"26":0.9992824197,"27":0.9944030046,"28":0.998277843,"29":0.9987083673,"30":0.9995694757,"31":0.9988518953,"32":0.9992824197,"33":0.9994259477,"34":0.9977037907,"35":0.9989954233,"36":0.9988518953,"37":0.9995694757,"38":0.9989954233,"39":0.9991388917,"40":0.9994259477,"41":0.999856472,"42":0.999856472,"43":1.0,"44":0.999856472,"45":0.999712944,"46":0.9995694757,"47":0.999712944,"48":0.999856472,"49":0.9987083673,"50":0.9985648394,"51":0.998277843,"52":0.9987083673,"53":0.9992824197,"54":0.9987083673,"55":0.9995694757,"56":0.999856472,"57":0.9995694757,"58":0.9992824197,"59":0.9991388917,"60":0.9994259477,"61":0.999712944,"62":0.9994259477,"63":0.9994259477,"64":0.9992824197,"65":1.0,"66":0.9994259477,"67":0.9989954233,"68":0.9995694757,"69":0.9988518953,"70":0.9991388917,"71":0.9994259477,"72":0.9994259477,"73":0.9994259477,"74":0.999856472,"75":0.999712944,"76":0.9994259477,"77":1.0,"78":0.999712944,"79":0.999712944,"80":0.9992824197,"81":0.9994259477,"82":0.9994259477,"83":0.9989954233,"84":0.9991388917,"85":0.999712944,"86":0.9992824197,"87":1.0,"88":0.999856472,"89":0.999856472,"90":0.9991388917,"91":0.9989954233,"92":0.9994259477,"93":0.9992824197,"94":0.999712944,"95":0.9994259477,"96":0.9994259477},"val_loss":{"0":0.0492954478,"1":0.2047437131,"2":0.0052378923,"3":0.011027053,"4":0.1830080003,"5":0.0079980008,"6":0.0034481611,"7":0.0035345817,"8":0.0031789476,"9":0.0015550592,"10":0.0026272442,"11":0.0038212049,"12":0.0037828116,"13":0.0018231128,"14":0.0047289762,"15":0.0019266088,"16":0.002485021,"17":0.0000861046,"18":0.0002845921,"19":0.0001593475,"20":0.0003569657,"21":0.0015353248,"22":0.0000204324,"23":0.0064744228,"24":0.0023263751,"25":0.0016374037,"26":0.0003274966,"27":0.0040226537,"28":0.0031595868,"29":0.0023915709,"30":0.001724005,"31":0.0008157649,"32":0.0003850396,"33":0.00314921,"34":0.0000949313,"35":0.0000652551,"36":0.000009991,"37":0.0000097346,"38":0.0001065282,"39":0.0000080474,"40":0.0000065894,"41":0.0000054642,"42":0.0000036978,"43":0.0000021436,"44":0.0000021454,"45":0.0000005739,"46":0.00000105,"47":0.0000023772,"48":0.0000017138,"49":0.0000012608,"50":0.0000045303,"51":0.0000034128,"52":0.0000012361,"53":0.0000016539,"54":0.000001584,"55":0.0000013921,"56":0.0000009394,"57":0.0000008906,"58":0.0000006684,"59":0.0000007113,"60":0.0000005611,"61":0.0000005519,"62":0.0000005514,"63":0.0000005299,"64":0.0000006326,"65":0.0000004727,"66":0.0000004443,"67":0.0000004931,"68":0.0000004804,"69":0.000000567,"70":0.0000005425,"71":0.0000005574,"72":0.0000005812,"73":0.0000006397,"74":0.0000006916,"75":0.0000005745,"76":0.0000005857,"77":0.0000005737,"78":0.0000005481,"79":0.00000052,"80":0.0000005275,"81":0.0000005499,"82":0.0000005435,"83":0.0000005742,"84":0.0000006197,"85":0.0000006142,"86":0.0000005899,"87":0.0000005723,"88":0.0000005653,"89":0.000000545,"90":0.0000005361,"91":0.0000005477,"92":0.0000005729,"93":0.000000601,"94":0.0000006007,"95":0.000000584,"96":0.0000005943},"val_accuracy":{"0":0.9810779691,"1":0.9506880641,"2":0.9994266033,"3":0.9977064133,"4":0.9082568884,"5":0.9988532066,"6":0.9988532066,"7":0.9994266033,"8":0.9988532066,"9":0.9994266033,"10":0.9994266033,"11":0.9988532066,"12":0.9988532066,"13":0.9994266033,"14":0.9988532066,"15":0.9994266033,"16":0.9988532066,"17":1.0,"18":1.0,"19":1.0,"20":1.0,"21":0.9994266033,"22":1.0,"23":0.9988532066,"24":0.9994266033,"25":0.9994266033,"26":1.0,"27":0.9988532066,"28":0.9994266033,"29":0.9994266033,"30":0.9994266033,"31":0.9994266033,"32":1.0,"33":0.9994266033,"34":1.0,"35":1.0,"36":1.0,"37":1.0,"38":1.0,"39":1.0,"40":1.0,"41":1.0,"42":1.0,"43":1.0,"44":1.0,"45":1.0,"46":1.0,"47":1.0,"48":1.0,"49":1.0,"50":1.0,"51":1.0,"52":1.0,"53":1.0,"54":1.0,"55":1.0,"56":1.0,"57":1.0,"58":1.0,"59":1.0,"60":1.0,"61":1.0,"62":1.0,"63":1.0,"64":1.0,"65":1.0,"66":1.0,"67":1.0,"68":1.0,"69":1.0,"70":1.0,"71":1.0,"72":1.0,"73":1.0,"74":1.0,"75":1.0,"76":1.0,"77":1.0,"78":1.0,"79":1.0,"80":1.0,"81":1.0,"82":1.0,"83":1.0,"84":1.0,"85":1.0,"86":1.0,"87":1.0,"88":1.0,"89":1.0,"90":1.0,"91":1.0,"92":1.0,"93":1.0,"94":1.0,"95":1.0,"96":1.0},"lr":{"0":0.001,"1":0.001,"2":0.001,"3":0.001,"4":0.001,"5":0.001,"6":0.001,"7":0.001,"8":0.001,"9":0.001,"10":0.001,"11":0.001,"12":0.001,"13":0.001,"14":0.001,"15":0.001,"16":0.001,"17":0.001,"18":0.001,"19":0.001,"20":0.001,"21":0.001,"22":0.001,"23":0.001,"24":0.001,"25":0.001,"26":0.001,"27":0.001,"28":0.0005,"29":0.0005,"30":0.0005,"31":0.0005,"32":0.0005,"33":0.0005,"34":0.0005,"35":0.0005,"36":0.0005,"37":0.0005,"38":0.00025,"39":0.00025,"40":0.00025,"41":0.00025,"42":0.00025,"43":0.00025,"44":0.00025,"45":0.00025,"46":0.00025,"47":0.00025,"48":0.000125,"49":0.000125,"50":0.000125,"51":0.000125,"52":0.000125,"53":0.000125,"54":0.000125,"55":0.000125,"56":0.000125,"57":0.000125,"58":0.0000625,"59":0.0000625,"60":0.0000625,"61":0.0000625,"62":0.0000625,"63":0.0000625,"64":0.0000625,"65":0.0000625,"66":0.0000625,"67":0.0000625,"68":0.00003125,"69":0.00003125,"70":0.00003125,"71":0.00003125,"72":0.00003125,"73":0.00003125,"74":0.00003125,"75":0.00003125,"76":0.00003125,"77":0.00003125,"78":0.000015625,"79":0.000015625,"80":0.000015625,"81":0.000015625,"82":0.000015625,"83":0.000015625,"84":0.000015625,"85":0.000015625,"86":0.000015625,"87":0.000015625,"88":0.00001,"89":0.00001,"90":0.00001,"91":0.00001,"92":0.00001,"93":0.00001,"94":0.00001,"95":0.00001,"96":0.00001}}