{"loss":{"0":0.5435634255,"1":0.4847689569,"2":0.4373599291,"3":0.3946509659,"4":0.3554142416,"5":0.3246386647,"6":0.2979640365,"7":0.2917569876,"8":0.2824303806,"9":0.2710821629,"10":0.2520669401,"11":0.1681761593,"12":0.1602005064,"13":0.1406454742,"14":0.1382260025,"15":0.1300733835,"16":0.1266548187,"17":0.1147921085,"18":0.0936961845,"19":0.1063359976,"20":0.0985812321,"21":0.092919834,"22":0.0657336861,"23":0.0537812375,"24":0.0689132139,"25":0.0618513301,"26":0.0561247356,"27":0.0710736513,"28":0.0537130907,"29":0.0681078136,"30":0.0509204417,"31":0.0478486009,"32":0.0378336385,"33":0.040402066,"34":0.0447249562,"35":0.0332242027,"36":0.0394467562,"37":0.0361130312,"38":0.0317176543,"39":0.05759909,"40":0.0374408551,"41":0.038596414,"42":0.0469494388,"43":0.0429548137,"44":0.0272540897,"45":0.0371717364,"46":0.0350896232,"47":0.0237083174,"48":0.0391714163,"49":0.0325181894,"50":0.0318749323,"51":0.0276132766,"52":0.028244365,"53":0.0208324995,"54":0.0440257676,"55":0.0243465807,"56":0.0299143363,"57":0.0274564568,"58":0.0271902811,"59":0.0258712843,"60":0.0291750245,"61":0.0216493756,"62":0.0264807921,"63":0.0324191451,"64":0.0263925288,"65":0.0429937169,"66":0.0208837762,"67":0.020513881,"68":0.0251027942,"69":0.0240541194,"70":0.0198665857},"accuracy":{"0":0.4336968958,"1":0.7263203263,"2":0.704649806,"3":0.7751148343,"4":0.7774110436,"5":0.7789896727,"6":0.786308825,"7":0.8006601334,"8":0.774540782,"9":0.7858783007,"10":0.7782720923,"11":0.810706079,"12":0.8206084967,"13":0.8359643817,"14":0.8484500647,"15":0.854190588,"16":0.8517508507,"17":0.8655281067,"18":0.885332942,"19":0.8673937917,"20":0.864810586,"21":0.880166471,"22":0.8879162073,"23":0.8955224156,"24":0.890499413,"25":0.8999713063,"26":0.902985096,"27":0.906285882,"28":0.9075775146,"29":0.913030982,"30":0.9019804597,"31":0.913030982,"32":0.918628037,"33":0.9247990847,"34":0.9171928763,"35":0.9174799323,"36":0.9243685603,"37":0.9239379764,"38":0.9293915033,"39":0.930539608,"40":0.9279563427,"41":0.9309701324,"42":0.934270978,"43":0.9362801313,"44":0.9382893443,"45":0.939437449,"46":0.9417336583,"47":0.9401549697,"48":0.946039021,"49":0.9435992837,"50":0.9440298676,"51":0.9421641827,"52":0.9431687593,"53":0.94460392,"54":0.9502009153,"55":0.9471871257,"56":0.944316864,"57":0.9474741817,"58":0.946182549,"59":0.946039021,"60":0.9467566013,"61":0.945895493,"62":0.9450344443,"63":0.9474741817,"64":0.946326077,"65":0.9471871257,"66":0.9473306537,"67":0.9469001293,"68":0.947761178,"69":0.9486222863,"70":0.9503444433},"val_loss":{"0":0.5168662667,"1":0.6459735632,"2":0.7664773464,"3":0.7722949982,"4":0.7882611752,"5":0.7856470942,"6":1.1498020887,"7":0.8782986403,"8":0.8465005159,"9":0.9557770491,"10":0.9694330096,"11":1.0237419605,"12":1.0043917894,"13":0.9317696691,"14":0.9563097954,"15":0.9515396953,"16":0.9552340508,"17":0.8299468756,"18":0.9373735785,"19":0.8261170983,"20":0.9999576807,"21":0.9199544191,"22":0.8292221427,"23":0.7636711001,"24":1.0070687532,"25":0.8499571681,"26":0.8251389265,"27":0.7568277717,"28":0.7511521578,"29":1.0487515926,"30":1.0712356567,"31":1.0355001688,"32":0.964214623,"33":0.979452908,"34":0.8995629549,"35":0.9081716537,"36":0.9371545315,"37":0.8929281235,"38":0.8498684168,"39":0.8465817571,"40":0.7826521397,"41":0.7745574117,"42":0.7598415613,"43":0.77058357,"44":0.7517166138,"45":0.7848558426,"46":0.7765865922,"47":0.7038834095,"48":0.6721832752,"49":0.6647796631,"50":0.6956828833,"51":0.701690793,"52":0.6998006701,"53":0.6862800121,"54":0.7154572606,"55":0.7475643754,"56":0.7447924614,"57":0.6954117417,"58":0.7439563274,"59":0.7604979277,"60":0.7632522583,"61":0.7571017742,"62":0.7914366126,"63":0.7694882751,"64":0.7724126577,"65":0.7571659088,"66":0.7434997559,"67":0.7590236664,"68":0.7470422983,"69":0.7536109686,"70":0.7568346858},"val_accuracy":{"0":0.1330275238,"1":0.0223623849,"2":0.0143348621,"3":0.0160550456,"4":0.0240825694,"5":0.0223623849,"6":0.0223623849,"7":0.0194954127,"8":0.0194954127,"9":0.0120412847,"10":0.0229357798,"11":0.0223623849,"12":0.0240825694,"13":0.1444954127,"14":0.0366972461,"15":0.0579128452,"16":0.0688073412,"17":0.1410550475,"18":0.0951834843,"19":0.0762614682,"20":0.0630733967,"21":0.0854357779,"22":0.1209862381,"23":0.1467889845,"24":0.0240825694,"25":0.1003440395,"26":0.0791284367,"27":0.1141055077,"28":0.1513761431,"29":0.0298165139,"30":0.025802752,"31":0.0246559642,"32":0.0372706428,"33":0.0321100913,"34":0.1072247699,"35":0.0487385318,"36":0.0452981666,"37":0.0665137619,"38":0.1163990796,"39":0.0877293572,"40":0.1198394522,"41":0.1158256903,"42":0.1387614608,"43":0.1404816508,"44":0.1863532066,"45":0.1330275238,"46":0.12672019,"47":0.1943807304,"48":0.2649082541,"49":0.2287843972,"50":0.2259174287,"51":0.2041284442,"52":0.2150229365,"53":0.2425458729,"54":0.1983944923,"55":0.1794724762,"56":0.1897935718,"57":0.2270642221,"58":0.1966743171,"59":0.1588302702,"60":0.1788990796,"61":0.1834862381,"62":0.1697247773,"63":0.1800458729,"64":0.1714449525,"65":0.1783256829,"66":0.1886467934,"67":0.1806192696,"68":0.1840596348,"69":0.1657110155,"70":0.1668577939},"lr":{"0":0.001,"1":0.001,"2":0.001,"3":0.001,"4":0.001,"5":0.001,"6":0.001,"7":0.001,"8":0.001,"9":0.001,"10":0.001,"11":0.0005,"12":0.0005,"13":0.0005,"14":0.0005,"15":0.0005,"16":0.0005,"17":0.0005,"18":0.0005,"19":0.0005,"20":0.0005,"21":0.00025,"22":0.00025,"23":0.00025,"24":0.00025,"25":0.00025,"26":0.00025,"27":0.00025,"28":0.00025,"29":0.00025,"30":0.00025,"31":0.000125,"32":0.000125,"33":0.000125,"34":0.000125,"35":0.000125,"36":0.000125,"37":0.000125,"38":0.000125,"39":0.000125,"40":0.000125,"41":0.0000625,"42":0.0000625,"43":0.0000625,"44":0.0000625,"45":0.0000625,"46":0.0000625,"47":0.0000625,"48":0.0000625,"49":0.0000625,"50":0.0000625,"51":0.00003125,"52":0.00003125,"53":0.00003125,"54":0.00003125,"55":0.00003125,"56":0.00003125,"57":0.00003125,"58":0.00003125,"59":0.00003125,"60":0.00003125,"61":0.000015625,"62":0.000015625,"63":0.000015625,"64":0.000015625,"65":0.000015625,"66":0.000015625,"67":0.000015625,"68":0.000015625,"69":0.000015625,"70":0.000015625}}