{"loss":{"0":0.5144146681,"1":0.4565938413,"2":0.4184598923,"3":0.3799826205,"4":0.3507592678,"5":0.3213988245,"6":0.3088361323,"7":0.2627853751,"8":0.2606892586,"9":0.1992968023,"10":0.1976510435,"11":0.1553505957,"12":0.1433371902,"13":0.1453517973,"14":0.1248154417,"15":0.111188367,"16":0.1016388759,"17":0.0903278813,"18":0.1002715304,"19":0.1064366996,"20":0.0828160495,"21":0.0803994611,"22":0.0617179312,"23":0.0724047944,"24":0.0664197356,"25":0.0539477207,"26":0.0549246892,"27":0.0576355644,"28":0.0473124981,"29":0.0482728556,"30":0.0447049625,"31":0.0421793833,"32":0.0385001972,"33":0.0409668721,"34":0.0367448889,"35":0.0305020679,"36":0.0427386649,"37":0.0267578475,"38":0.0327133797,"39":0.0382419415,"40":0.0323082954,"41":0.0526769087,"42":0.0264038611,"43":0.0233836453,"44":0.0311521925,"45":0.0412963443,"46":0.0274841953,"47":0.0266994685,"48":0.0334744826,"49":0.03489336,"50":0.0301883668,"51":0.0226722918,"52":0.0230038818,"53":0.0258279461,"54":0.025688922,"55":0.0262712743,"56":0.0310437176,"57":0.0243400354,"58":0.0241977125,"59":0.0281206686,"60":0.0187050235,"61":0.0253983866,"62":0.0356082022,"63":0.0232171621,"64":0.0190324802,"65":0.0218601711,"66":0.028253777,"67":0.0238951799,"68":0.0205319189,"69":0.0201760083,"70":0.0297650471},"accuracy":{"0":0.359500587,"1":0.564150393,"2":0.6274397373,"3":0.7253157496,"4":0.753300786,"5":0.7530137897,"6":0.7624856234,"7":0.7593283653,"8":0.7491388917,"9":0.780998826,"10":0.7558840513,"11":0.7937715054,"12":0.800086081,"13":0.8118541837,"14":0.824483335,"15":0.8361079097,"16":0.8389781713,"17":0.845292747,"18":0.8537600636,"19":0.8580654263,"20":0.8722732663,"21":0.8620837927,"22":0.88547647,"23":0.8791618943,"24":0.887342155,"25":0.8913605213,"26":0.90269804,"27":0.9072904587,"28":0.9070034623,"29":0.9146096706,"30":0.9174799323,"31":0.9193455577,"32":0.9214982986,"33":0.9256601334,"34":0.9258036613,"35":0.932548821,"36":0.9326922894,"37":0.9351320267,"38":0.935706079,"39":0.9283869267,"40":0.9395809174,"41":0.9395809174,"42":0.9395809174,"43":0.949770391,"44":0.9456084967,"45":0.9434558153,"46":0.9420206547,"47":0.9500573874,"48":0.9473306537,"49":0.9487658143,"50":0.9502009153,"51":0.9470436573,"52":0.951205492,"53":0.9542192817,"54":0.9500573874,"55":0.9502009153,"56":0.9509184957,"57":0.951205492,"58":0.954793334,"59":0.956802547,"60":0.9562284946,"61":0.951636076,"62":0.951205492,"63":0.9553673863,"64":0.9543628097,"65":0.9557979107,"66":0.9570895433,"67":0.958381176,"68":0.9573765993,"69":0.95809412,"70":0.9557979107},"val_loss":{"0":0.4744695723,"1":0.6088337302,"2":0.7464364171,"3":0.8107475042,"4":0.8067182899,"5":0.8126872182,"6":0.8603467941,"7":0.8084406257,"8":0.8461700678,"9":0.8216910362,"10":0.9395517707,"11":0.8252497911,"12":0.9350298047,"13":0.8926115632,"14":0.9826211929,"15":0.9307300448,"16":0.9796615243,"17":0.9704214931,"18":0.9489296675,"19":1.0088191032,"20":1.0026592016,"21":0.9836283922,"22":0.9946325421,"23":1.0205370188,"24":1.0579693317,"25":1.1211038828,"26":1.0586289167,"27":1.0530520678,"28":1.0336943865,"29":1.1278986931,"30":1.0001425743,"31":1.016377449,"32":1.0842095613,"33":1.0339612961,"34":1.0612112284,"35":1.046423316,"36":1.0850480795,"37":1.084859848,"38":1.0220909119,"39":1.0027202368,"40":0.9733099341,"41":1.014398098,"42":0.966153264,"43":0.9993722439,"44":1.0104060173,"45":1.0322557688,"46":1.0197532177,"47":0.9892807007,"48":1.0021371841,"49":0.9427367449,"50":1.0691436529,"51":1.0557509661,"52":1.0650222301,"53":1.0666732788,"54":1.0531287193,"55":1.0485322475,"56":1.0274325609,"57":1.043510437,"58":1.0435210466,"59":1.0758942366,"60":1.082277894,"61":1.081274271,"62":1.0805650949,"63":1.0731164217,"64":1.0582711697,"65":1.0665351152,"66":1.0493038893,"67":1.037984252,"68":1.0301209688,"69":1.0238770247,"70":1.043407917},"val_accuracy":{"0":0.3755733967,"1":0.1290137619,"2":0.1295871586,"3":0.1290137619,"4":0.1295871586,"5":0.1295871586,"6":0.1301605552,"7":0.1295871586,"8":0.1301605552,"9":0.1284403652,"10":0.1290137619,"11":0.1295871586,"12":0.1301605552,"13":0.1295871586,"14":0.1307339519,"15":0.1301605552,"16":0.1284403652,"17":0.1307339519,"18":0.1295871586,"19":0.1301605552,"20":0.1295871586,"21":0.1295871586,"22":0.1301605552,"23":0.1290137619,"24":0.1301605552,"25":0.1290137619,"26":0.1295871586,"27":0.1301605552,"28":0.1307339519,"29":0.1301605552,"30":0.1330275238,"31":0.1313073337,"32":0.1318807304,"33":0.1324541271,"34":0.1313073337,"35":0.1318807304,"36":0.1324541271,"37":0.1313073337,"38":0.1330275238,"39":0.1313073337,"40":0.1330275238,"41":0.1324541271,"42":0.1318807304,"43":0.1347477138,"44":0.1336009204,"45":0.1330275238,"46":0.1330275238,"47":0.1341743171,"48":0.1318807304,"49":0.136467889,"50":0.1324541271,"51":0.1324541271,"52":0.1330275238,"53":0.1341743171,"54":0.1336009204,"55":0.1330275238,"56":0.1347477138,"57":0.1330275238,"58":0.1341743171,"59":0.1330275238,"60":0.1330275238,"61":0.1341743171,"62":0.1341743171,"63":0.1341743171,"64":0.1347477138,"65":0.1347477138,"66":0.1336009204,"67":0.1336009204,"68":0.1341743171,"69":0.1347477138,"70":0.1353210956},"lr":{"0":0.001,"1":0.001,"2":0.001,"3":0.001,"4":0.001,"5":0.001,"6":0.001,"7":0.001,"8":0.001,"9":0.001,"10":0.001,"11":0.0005,"12":0.0005,"13":0.0005,"14":0.0005,"15":0.0005,"16":0.0005,"17":0.0005,"18":0.0005,"19":0.0005,"20":0.0005,"21":0.00025,"22":0.00025,"23":0.00025,"24":0.00025,"25":0.00025,"26":0.00025,"27":0.00025,"28":0.00025,"29":0.00025,"30":0.00025,"31":0.000125,"32":0.000125,"33":0.000125,"34":0.000125,"35":0.000125,"36":0.000125,"37":0.000125,"38":0.000125,"39":0.000125,"40":0.000125,"41":0.0000625,"42":0.0000625,"43":0.0000625,"44":0.0000625,"45":0.0000625,"46":0.0000625,"47":0.0000625,"48":0.0000625,"49":0.0000625,"50":0.0000625,"51":0.00003125,"52":0.00003125,"53":0.00003125,"54":0.00003125,"55":0.00003125,"56":0.00003125,"57":0.00003125,"58":0.00003125,"59":0.00003125,"60":0.00003125,"61":0.000015625,"62":0.000015625,"63":0.000015625,"64":0.000015625,"65":0.000015625,"66":0.000015625,"67":0.000015625,"68":0.000015625,"69":0.000015625,"70":0.000015625}}