{"loss":{"0":0.5238488317,"1":0.4686809182,"2":0.4307357371,"3":0.3667863309,"4":0.3438870609,"5":0.3004123867,"6":0.2533483207,"7":0.2327099293,"8":0.2135319263,"9":0.1854569912,"10":0.1831908077,"11":0.1456958205,"12":0.1441004723,"13":0.1216262802,"14":0.1206942499,"15":0.1099114642,"16":0.1049284264,"17":0.0961013809,"18":0.0965785906,"19":0.0963369459,"20":0.076357469,"21":0.0820904598,"22":0.0625080839,"23":0.0783269703,"24":0.0674985871,"25":0.0756311938,"26":0.052680973,"27":0.0582064278,"28":0.0590534583,"29":0.0655084327,"30":0.0564409308,"31":0.0504478328,"32":0.0440612547,"33":0.0427230559,"34":0.0436504632,"35":0.0490299761,"36":0.0390505493,"37":0.0384821147,"38":0.0447814576,"39":0.0373889878,"40":0.0365346111,"41":0.0355364494,"42":0.0563859716,"43":0.0308408383,"44":0.0460311882,"45":0.0302886516,"46":0.0341174975,"47":0.0415935181,"48":0.0318299793,"49":0.0312049948,"50":0.0322273932,"51":0.0341256671,"52":0.0283668078,"53":0.0320425704,"54":0.0313518532,"55":0.0302555021,"56":0.0300764181,"57":0.0272043068,"58":0.0300665163,"59":0.0277232975,"60":0.0313498043,"61":0.0445881784,"62":0.0253318492,"63":0.0287936255,"64":0.0281294771,"65":0.0276740957,"66":0.0284156594,"67":0.0287388787,"68":0.0306861773,"69":0.0254688244,"70":0.0328883454},"accuracy":{"0":0.4090126157,"1":0.5551090837,"2":0.6758036613,"3":0.7078071237,"4":0.7149828076,"5":0.7234500647,"6":0.7432549,"7":0.7610505223,"8":0.7530137897,"9":0.7946326137,"10":0.7832950354,"11":0.7930539846,"12":0.7993685603,"13":0.8049655557,"14":0.8312284946,"15":0.8345292807,"16":0.8431400657,"17":0.8517508507,"18":0.8580654263,"19":0.8642365336,"20":0.867967844,"21":0.8622273207,"22":0.8758611083,"23":0.8790183663,"24":0.8757175803,"25":0.87873137,"26":0.885619998,"27":0.8909299374,"28":0.8877726793,"29":0.889064312,"30":0.8926520944,"31":0.8952353597,"32":0.9006888866,"33":0.9021239877,"34":0.9075775146,"35":0.909873724,"36":0.9128875136,"37":0.9055683017,"38":0.9049942493,"39":0.9138920903,"40":0.9156142473,"41":0.914753139,"42":0.9209242463,"43":0.9223593473,"44":0.920063138,"45":0.9222158194,"46":0.9279563427,"47":0.925229609,"48":0.920350194,"49":0.9239379764,"50":0.9177669287,"51":0.9278128743,"52":0.927095294,"53":0.9299655557,"54":0.9273822904,"55":0.934270978,"56":0.930683136,"57":0.9314007163,"58":0.9298220277,"59":0.9315441847,"60":0.9292479753,"61":0.930539608,"62":0.929104507,"63":0.9332663417,"64":0.9292479753,"65":0.9348450303,"66":0.9336969256,"67":0.934270978,"68":0.9351320267,"69":0.9332663417,"70":0.9349884987},"val_loss":{"0":0.5840414762,"1":0.6459701061,"2":0.6934140921,"3":0.8121030331,"4":0.7398498058,"5":0.7840534449,"6":0.8226954341,"7":0.7919456959,"8":0.7317268252,"9":0.7510840297,"10":0.7952635288,"11":0.8825067878,"12":0.8653103709,"13":0.8637312651,"14":0.9058579803,"15":0.8638380766,"16":0.8525309563,"17":0.7952163219,"18":0.8673862219,"19":0.7383707166,"20":0.8374506235,"21":0.7887935042,"22":0.8632665277,"23":0.8095364571,"24":0.7523257732,"25":0.7588860989,"26":0.7510994077,"27":0.8315342069,"28":0.7404910922,"29":0.7443531752,"30":0.8472435474,"31":0.7486478686,"32":0.7872830033,"33":0.7254495621,"34":0.785659492,"35":0.7728480697,"36":0.756141305,"37":0.7121076584,"38":0.7698790431,"39":0.7841756344,"40":0.7682850957,"41":0.7654733658,"42":0.7907548547,"43":0.7835561037,"44":0.711758256,"45":0.7460167408,"46":0.7362442613,"47":0.8332755566,"48":0.7734466195,"49":0.7512534857,"50":0.7433702946,"51":0.7428467274,"52":0.7412157655,"53":0.7216659784,"54":0.7357168794,"55":0.7269577384,"56":0.7304679155,"57":0.7331626415,"58":0.7273151278,"59":0.750803411,"60":0.7838976383,"61":0.7701616287,"62":0.7661328316,"63":0.7580143809,"64":0.7534955144,"65":0.7628749609,"66":0.7512440085,"67":0.7453497648,"68":0.759190321,"69":0.7715734243,"70":0.764380157},"val_accuracy":{"0":0.1347477138,"1":0.1347477138,"2":0.1341743171,"3":0.1330275238,"4":0.1358944923,"5":0.1341743171,"6":0.1330275238,"7":0.136467889,"8":0.1353210956,"9":0.1318807304,"10":0.1353210956,"11":0.1347477138,"12":0.1347477138,"13":0.1353210956,"14":0.136467889,"15":0.1341743171,"16":0.1358944923,"17":0.1336009204,"18":0.1324541271,"19":0.1353210956,"20":0.1330275238,"21":0.1462156028,"22":0.1341743171,"23":0.1353210956,"24":0.136467889,"25":0.1324541271,"26":0.138188079,"27":0.1336009204,"28":0.1336009204,"29":0.136467889,"30":0.1358944923,"31":0.1399082541,"32":0.1336009204,"33":0.1502293646,"34":0.1444954127,"35":0.1502293646,"36":0.1479357779,"37":0.1530963331,"38":0.1720183492,"39":0.1479357779,"40":0.1582568735,"41":0.1536697298,"42":0.1444954127,"43":0.1530963331,"44":0.1846330315,"45":0.1783256829,"46":0.176032111,"47":0.1565366983,"48":0.1565366983,"49":0.1639908254,"50":0.1680045873,"51":0.1714449525,"52":0.1811926663,"53":0.200688079,"54":0.1886467934,"55":0.1800458729,"56":0.1674311906,"57":0.1817660481,"58":0.1834862381,"59":0.1720183492,"60":0.1634174287,"61":0.1605504602,"62":0.1634174287,"63":0.1697247773,"64":0.1737385392,"65":0.176032111,"66":0.1680045873,"67":0.1714449525,"68":0.1725917459,"69":0.1691513807,"70":0.1645642221},"lr":{"0":0.001,"1":0.001,"2":0.001,"3":0.001,"4":0.001,"5":0.001,"6":0.001,"7":0.001,"8":0.001,"9":0.001,"10":0.001,"11":0.0005,"12":0.0005,"13":0.0005,"14":0.0005,"15":0.0005,"16":0.0005,"17":0.0005,"18":0.0005,"19":0.0005,"20":0.0005,"21":0.00025,"22":0.00025,"23":0.00025,"24":0.00025,"25":0.00025,"26":0.00025,"27":0.00025,"28":0.00025,"29":0.00025,"30":0.00025,"31":0.000125,"32":0.000125,"33":0.000125,"34":0.000125,"35":0.000125,"36":0.000125,"37":0.000125,"38":0.000125,"39":0.000125,"40":0.000125,"41":0.0000625,"42":0.0000625,"43":0.0000625,"44":0.0000625,"45":0.0000625,"46":0.0000625,"47":0.0000625,"48":0.0000625,"49":0.0000625,"50":0.0000625,"51":0.00003125,"52":0.00003125,"53":0.00003125,"54":0.00003125,"55":0.00003125,"56":0.00003125,"57":0.00003125,"58":0.00003125,"59":0.00003125,"60":0.00003125,"61":0.000015625,"62":0.000015625,"63":0.000015625,"64":0.000015625,"65":0.000015625,"66":0.000015625,"67":0.000015625,"68":0.000015625,"69":0.000015625,"70":0.000015625}}