{"loss":{"0":0.5219855309,"1":0.4648434222,"2":0.4188272357,"3":0.3575715423,"4":0.321609199,"5":0.2686530054,"6":0.2269465923,"7":0.2053028047,"8":0.1868700236,"9":0.1992241144,"10":0.1639866382,"11":0.127339378,"12":0.1186451986,"13":0.1177265123,"14":0.0943111777,"15":0.0978078768,"16":0.108859174,"17":0.0951629728,"18":0.0755204782,"19":0.0838738158,"20":0.0801539794,"21":0.0683774948,"22":0.0589511991,"23":0.0552643947,"24":0.0582534224,"25":0.065455161,"26":0.0586467274,"27":0.04339917,"28":0.0549590066,"29":0.0446738154,"30":0.0447470061,"31":0.0349454917,"32":0.0397868156,"33":0.0397720039,"34":0.0291533582,"35":0.0314054452,"36":0.032564085,"37":0.0386489742,"38":0.0304021928,"39":0.0336081572,"40":0.0362052992,"41":0.0253411848,"42":0.0226021186,"43":0.0254540797,"44":0.0246262904,"45":0.0239786431,"46":0.0335069895,"47":0.0251223482,"48":0.0210905038,"49":0.0244206432,"50":0.0234468449,"51":0.0251668654,"52":0.0212444197,"53":0.0234033447,"54":0.0237468407,"55":0.0192236565,"56":0.0206336882,"57":0.0194568634,"58":0.0180047676,"59":0.0201781448,"60":0.0245909598,"61":0.019581642,"62":0.0220241137,"63":0.0208958015,"64":0.0214057546,"65":0.0202276167,"66":0.0235601105,"67":0.0164517518,"68":0.0178776551,"69":0.0193873085,"70":0.0179040451},"accuracy":{"0":0.3900688887,"1":0.616532743,"2":0.6864236593,"3":0.7131171227,"4":0.7218714356,"5":0.7365097404,"6":0.7247416973,"7":0.7578932047,"8":0.760332942,"9":0.7979333997,"10":0.7995120287,"11":0.8243398666,"12":0.8303673863,"13":0.836969018,"14":0.854190588,"15":0.855625689,"16":0.8376865387,"17":0.857634902,"18":0.860935688,"19":0.8774397373,"20":0.875143528,"21":0.887342155,"22":0.8916475177,"23":0.895809412,"24":0.9001148343,"25":0.8996842504,"26":0.904420197,"27":0.9057118297,"28":0.9101607203,"29":0.911308825,"30":0.9123134613,"31":0.9193455577,"32":0.925516665,"33":0.9263777137,"34":0.9349884987,"35":0.9361366034,"36":0.932118237,"37":0.939437449,"38":0.9365671873,"39":0.9362801313,"40":0.9361366034,"41":0.9437428117,"42":0.949770391,"43":0.9489092827,"44":0.946182549,"45":0.947904706,"46":0.9484787583,"47":0.9491963387,"48":0.9493398666,"49":0.949913919,"50":0.9524971247,"51":0.946039021,"52":0.9523535967,"53":0.9522101283,"54":0.9524971247,"55":0.9484787583,"56":0.95134902,"57":0.9517795444,"58":0.9555109143,"59":0.9545063376,"60":0.9542192817,"61":0.9540757537,"62":0.9517795444,"63":0.9527841806,"64":0.953214705,"65":0.958381176,"66":0.9556544423,"67":0.9575200677,"68":0.9570895433,"69":0.9596728086,"70":0.959959805},"val_loss":{"0":0.5702578425,"1":0.7131386995,"2":0.7391996384,"3":0.7191154361,"4":0.8099547625,"5":0.8004484773,"6":0.7187555432,"7":0.788218379,"8":0.8258205056,"9":0.8147686124,"10":0.8725787997,"11":0.9540935755,"12":0.8760700226,"13":0.8848261833,"14":1.0088233948,"15":0.8855369687,"16":0.987067759,"17":0.7748529315,"18":0.7988539338,"19":0.843267262,"20":0.8619837761,"21":0.9021393657,"22":0.8619160652,"23":0.8898540139,"24":0.8491836786,"25":0.8467514515,"26":1.0174008608,"27":0.896558404,"28":0.9603648782,"29":0.8818954229,"30":1.0384931564,"31":0.9269490838,"32":1.0649238825,"33":1.0392320156,"34":0.9755744338,"35":1.0295234919,"36":0.9717849493,"37":0.94050771,"38":1.0543992519,"39":0.9870656729,"40":0.918918252,"41":0.905461669,"42":0.8975021839,"43":1.003498435,"44":0.9915072918,"45":0.9682524204,"46":1.0187467337,"47":0.9966031909,"48":0.9660084844,"49":0.9529639482,"50":0.9973461628,"51":1.012387991,"52":0.9712879062,"53":0.9852510691,"54":0.9808422327,"55":0.9479792118,"56":0.945735693,"57":0.9605852365,"58":0.9551432133,"59":0.9459375739,"60":0.96971488,"61":0.9549099207,"62":0.9622241855,"63":0.9496565461,"64":0.9397205114,"65":0.9316091537,"66":0.9180479646,"67":0.9052681327,"68":0.9022209048,"69":0.9067630172,"70":0.920648396},"val_accuracy":{"0":0.1347477138,"1":0.1318807304,"2":0.136467889,"3":0.136467889,"4":0.1341743171,"5":0.1353210956,"6":0.1347477138,"7":0.1358944923,"8":0.1353210956,"9":0.1353210956,"10":0.1353210956,"11":0.1353210956,"12":0.1353210956,"13":0.1341743171,"14":0.1341743171,"15":0.1358944923,"16":0.1358944923,"17":0.1347477138,"18":0.1387614608,"19":0.1341743171,"20":0.1387614608,"21":0.1358944923,"22":0.1358944923,"23":0.1376146823,"24":0.1358944923,"25":0.1358944923,"26":0.138188079,"27":0.1422018409,"28":0.1376146823,"29":0.1358944923,"30":0.1393348575,"31":0.1422018409,"32":0.1370412856,"33":0.138188079,"34":0.1387614608,"35":0.1376146823,"36":0.1387614608,"37":0.1399082541,"38":0.1393348575,"39":0.1404816508,"40":0.1399082541,"41":0.1422018409,"42":0.143922016,"43":0.1393348575,"44":0.1410550475,"45":0.1450688094,"46":0.1444954127,"47":0.143922016,"48":0.149655968,"49":0.143922016,"50":0.1444954127,"51":0.1450688094,"52":0.143922016,"53":0.1456422061,"54":0.1450688094,"55":0.1456422061,"56":0.1467889845,"57":0.1479357779,"58":0.1473623812,"59":0.1433486193,"60":0.1467889845,"61":0.1456422061,"62":0.1456422061,"63":0.1479357779,"64":0.1559633017,"65":0.1594036669,"66":0.1702981591,"67":0.1731651425,"68":0.1748853177,"69":0.1869266033,"70":0.1674311906},"lr":{"0":0.001,"1":0.001,"2":0.001,"3":0.001,"4":0.001,"5":0.001,"6":0.001,"7":0.001,"8":0.001,"9":0.001,"10":0.001,"11":0.0005,"12":0.0005,"13":0.0005,"14":0.0005,"15":0.0005,"16":0.0005,"17":0.0005,"18":0.0005,"19":0.0005,"20":0.0005,"21":0.00025,"22":0.00025,"23":0.00025,"24":0.00025,"25":0.00025,"26":0.00025,"27":0.00025,"28":0.00025,"29":0.00025,"30":0.00025,"31":0.000125,"32":0.000125,"33":0.000125,"34":0.000125,"35":0.000125,"36":0.000125,"37":0.000125,"38":0.000125,"39":0.000125,"40":0.000125,"41":0.0000625,"42":0.0000625,"43":0.0000625,"44":0.0000625,"45":0.0000625,"46":0.0000625,"47":0.0000625,"48":0.0000625,"49":0.0000625,"50":0.0000625,"51":0.00003125,"52":0.00003125,"53":0.00003125,"54":0.00003125,"55":0.00003125,"56":0.00003125,"57":0.00003125,"58":0.00003125,"59":0.00003125,"60":0.00003125,"61":0.000015625,"62":0.000015625,"63":0.000015625,"64":0.000015625,"65":0.000015625,"66":0.000015625,"67":0.000015625,"68":0.000015625,"69":0.000015625,"70":0.000015625}}